{"lr": 8.181936363636363e-05, "data_time": 0.007716512680053711, "loss": 3.304797101020813, "time": 1.836580491065979, "iter": 10, "memory": 13591, "step": 10}
{"lr": 0.00017272754545454548, "data_time": 0.011624908447265625, "loss": 3.3087907075881957, "time": 1.8536259651184082, "iter": 20, "memory": 14790, "step": 20}
{"lr": 0.0001999690002599639, "data_time": 0.008942532539367675, "loss": 3.3805450677871702, "time": 1.855602240562439, "iter": 30, "memory": 14790, "step": 30}
{"lr": 0.00019977962700183682, "data_time": 0.2086613416671753, "loss": 3.2834797382354735, "time": 2.0601959943771364, "iter": 40, "memory": 14790, "step": 40}
{"lr": 0.00019941842827802628, "data_time": 0.00935969352722168, "loss": 3.290135622024536, "time": 1.850350260734558, "iter": 50, "memory": 14790, "step": 50}
{"lr": 0.00019888602609064612, "data_time": 0.009180760383605957, "loss": 3.196569871902466, "time": 2.052329921722412, "iter": 60, "memory": 14790, "step": 60}
{"lr": 0.00019818333726266446, "data_time": 0.009382081031799317, "loss": 3.2794304847717286, "time": 2.3651784658432007, "iter": 70, "memory": 14790, "step": 70}
{"lr": 0.00019731157185908874, "data_time": 0.20923757553100586, "loss": 3.2072418451309206, "time": 2.846767473220825, "iter": 80, "memory": 14790, "step": 80}
{"lr": 0.00019627223110317408, "data_time": 0.00879359245300293, "loss": 3.1308266639709474, "time": 2.8727054357528687, "iter": 90, "memory": 14790, "step": 90}
{"lr": 0.0001950671047912422, "data_time": 0.009305167198181152, "loss": 3.218249249458313, "time": 3.059764337539673, "iter": 100, "memory": 14790, "step": 100}
{"lr": 0.0001936982682105634, "data_time": 1.7531883478164674, "loss": 3.1309030532836912, "time": 5.261303400993347, "iter": 110, "memory": 14790, "step": 110}
{"lr": 0.00019216807856560898, "data_time": 0.21175897121429443, "loss": 3.1516013145446777, "time": 3.7432088613510133, "iter": 120, "memory": 14790, "step": 120}
{"lr": 0.00019047917091882842, "data_time": 0.009308075904846192, "loss": 3.1365283250808718, "time": 3.5767955780029297, "iter": 130, "memory": 14790, "step": 130}
{"lr": 0.00018863445365294095, "data_time": 0.009072446823120117, "loss": 3.0878910541534426, "time": 3.5786397457122803, "iter": 140, "memory": 14790, "step": 140}
{"lr": 0.00018663710346255633, "data_time": 0.008976030349731445, "loss": 3.2066362619400026, "time": 3.5849642753601074, "iter": 150, "memory": 14790, "step": 150}
{"lr": 0.00018449055988374943, "data_time": 0.20998306274414064, "loss": 3.3461360931396484, "time": 3.782820701599121, "iter": 160, "memory": 14790, "step": 160}
{"lr": 0.0001821985193710081, "data_time": 0.008618927001953125, "loss": 3.2723703145980836, "time": 3.5904695272445677, "iter": 170, "memory": 14790, "step": 170}
{"lr": 0.00017976492893175566, "data_time": 0.012222981452941895, "loss": 3.353905200958252, "time": 3.5880568265914916, "iter": 180, "memory": 14790, "step": 180}
{"lr": 0.0001771939793294081, "data_time": 0.009178423881530761, "loss": 3.260657048225403, "time": 3.6019049167633055, "iter": 190, "memory": 14790, "step": 190}
{"lr": 0.00017449009786667192, "data_time": 0.21015007495880128, "loss": 3.193857479095459, "time": 3.7903947830200195, "iter": 200, "memory": 14790, "step": 200}
{"lr": 0.00017165794076150909, "data_time": 10.506977748870849, "loss": 3.248543357849121, "time": 15.929199385643006, "iter": 210, "memory": 14790, "step": 210}
{"lr": 0.00016870238512889892, "data_time": 0.009805679321289062, "loss": 3.2601820468902587, "time": 4.636847972869873, "iter": 220, "memory": 14790, "step": 220}
{"lr": 0.00016562852058220435, "data_time": 0.009286236763000489, "loss": 3.292175555229187, "time": 4.204993534088135, "iter": 230, "memory": 14790, "step": 230}
{"lr": 0.00016244164046860495, "data_time": 0.2112506628036499, "loss": 3.2783732414245605, "time": 4.166553235054016, "iter": 240, "memory": 14790, "step": 240}
{"lr": 0.00015914723275369113, "data_time": 0.010056352615356446, "loss": 3.2130850315093995, "time": 3.8385828495025636, "iter": 250, "memory": 14790, "step": 250}
{"lr": 0.0001557509705709148, "data_time": 0.012001276016235352, "loss": 3.125550150871277, "time": 3.9669681787490845, "iter": 260, "memory": 14790, "step": 260}
{"lr": 0.00015225870245217244, "data_time": 0.00957024097442627, "loss": 3.143221688270569, "time": 3.6911216259002684, "iter": 270, "memory": 14790, "step": 270}
{"lr": 0.000148676442256343, "data_time": 0.2092827558517456, "loss": 3.128893995285034, "time": 3.8529805660247805, "iter": 280, "memory": 14790, "step": 280}
{"lr": 0.00014501035881312507, "data_time": 0.011922144889831543, "loss": 3.110082483291626, "time": 3.644272041320801, "iter": 290, "memory": 14790, "step": 290}
{"lr": 0.0001412667653000057, "data_time": 0.008857035636901855, "loss": 3.0579882621765138, "time": 3.627619004249573, "iter": 300, "memory": 14790, "step": 300}
{"lr": 0.00013745210837065613, "data_time": 1.0278766393661498, "loss": 3.0404654026031492, "time": 4.785949230194092, "iter": 310, "memory": 14790, "step": 310}
{"lr": 0.0001335729570534743, "data_time": 0.2088953971862793, "loss": 3.0298943281173707, "time": 3.9418627500534056, "iter": 320, "memory": 14790, "step": 320}
{"lr": 0.00012963599143939213, "data_time": 0.009705710411071777, "loss": 3.0498150110244753, "time": 3.690815043449402, "iter": 330, "memory": 14790, "step": 330}
{"lr": 0.0001256479911784279, "data_time": 0.009248733520507812, "loss": 2.914577603340149, "time": 3.655915355682373, "iter": 340, "memory": 14790, "step": 340}
{"lr": 0.00012161582380479244, "data_time": 0.009238505363464355, "loss": 3.1025979995727537, "time": 3.6305923223495484, "iter": 350, "memory": 14790, "step": 350}
{"lr": 0.00011754643291065494, "data_time": 0.20886476039886476, "loss": 2.9386657238006593, "time": 3.834214115142822, "iter": 360, "memory": 14790, "step": 360}
{"lr": 0.00011344682618893274, "data_time": 0.009671974182128906, "loss": 2.947953152656555, "time": 3.6246676683425902, "iter": 370, "memory": 14790, "step": 370}
{"lr": 0.00010932406336569653, "data_time": 0.008748483657836915, "loss": 2.891830086708069, "time": 3.6076223373413088, "iter": 380, "memory": 14790, "step": 380}
{"lr": 0.00010518524404297232, "data_time": 0.010596966743469239, "loss": 2.9697309017181395, "time": 3.6035170555114746, "iter": 390, "memory": 14790, "step": 390}
{"lr": 0.00010103749547287428, "data_time": 0.2100222587585449, "loss": 2.842085123062134, "time": 3.8107573270797728, "iter": 400, "memory": 14790, "step": 400}
{"lr": 9.688796028412344e-05, "data_time": 2.2041444540023805, "loss": 2.89659206867218, "time": 5.97296895980835, "iter": 410, "memory": 14790, "step": 410}
{"lr": 9.274378418208669e-05, "data_time": 0.009769940376281738, "loss": 2.9299970865249634, "time": 3.7121503353118896, "iter": 420, "memory": 14790, "step": 420}
{"lr": 8.861210364351795e-05, "data_time": 0.20934171676635743, "loss": 2.8308549165725707, "time": 3.870227599143982, "iter": 430, "memory": 14790, "step": 430}
{"lr": 8.450003362719109e-05, "data_time": 0.009463882446289063, "loss": 2.7989628076553346, "time": 3.652626872062683, "iter": 440, "memory": 14790, "step": 440}
{"lr": 8.041465532158827e-05, "data_time": 0.00940234661102295, "loss": 2.929551529884338, "time": 3.6306920766830446, "iter": 450, "memory": 14790, "step": 450}
{"lr": 7.63630039507422e-05, "data_time": 0.009711956977844239, "loss": 2.8521925687789915, "time": 3.618390369415283, "iter": 460, "memory": 14790, "step": 460}
{"lr": 7.235205665923132e-05, "data_time": 0.20910680294036865, "loss": 2.827423572540283, "time": 3.8095147609710693, "iter": 470, "memory": 14790, "step": 470}
{"lr": 6.838872049719113e-05, "data_time": 0.009418749809265136, "loss": 2.759985566139221, "time": 3.6339869022369387, "iter": 480, "memory": 14790, "step": 480}
{"lr": 6.447982052603105e-05, "data_time": 0.00886991024017334, "loss": 2.856057810783386, "time": 3.6177510023117065, "iter": 490, "memory": 14790, "step": 490}
{"lr": 6.0632088065340513e-05,